{
  "buysomething": {
    "precision": 0.6578947368421053,
    "recall": 1.0,
    "f1-score": 0.7936507936507937,
    "support": 25,
    "confused_with": {}
  },
  "urgent": {
    "precision": 0.5,
    "recall": 0.4,
    "f1-score": 0.4444444444444445,
    "support": 10,
    "confused_with": {
      "buysomething": 6
    }
  },
  "housework": {
    "precision": 0.0,
    "recall": 0.0,
    "f1-score": 0.0,
    "support": 6,
    "confused_with": {
      "urgent": 3,
      "buysomething": 3
    }
  },
  "appliances": {
    "precision": 1.0,
    "recall": 0.6666666666666666,
    "f1-score": 0.8,
    "support": 15,
    "confused_with": {
      "buysomething": 4,
      "urgent": 1
    }
  },
  "accuracy": 0.6964285714285714,
  "macro avg": {
    "precision": 0.5394736842105263,
    "recall": 0.5166666666666666,
    "f1-score": 0.5095238095238095,
    "support": 56
  },
  "weighted avg": {
    "precision": 0.6508458646616541,
    "recall": 0.6964285714285714,
    "f1-score": 0.6479591836734694,
    "support": 56
  }
}